--1,字典表
INSERT INTO `TB_USERADMIN_DICTIONARY` (`DIC_ID`, `DIC_CODE`, `NAME`, `VALUE`, `ORDER_NO`, `TYPE`, `STATUS`, `DESCRIPTION`, `CREATE_TIME`, `UPDATE_TIME`) VALUES ('1', 'RES_TYPE_MODULE', '模块资源', '0', '1', 'NUMBER', '1', '模块资源', '2015-1-10', '2015-1-10');
INSERT INTO `TB_USERADMIN_DICTIONARY` (`DIC_ID`, `DIC_CODE`, `NAME`, `VALUE`, `ORDER_NO`, `TYPE`, `STATUS`, `DESCRIPTION`, `CREATE_TIME`, `UPDATE_TIME`) VALUES ('2', 'RES_TYPE_SUBMODULE', '子模块资源', '1', '1', 'NUMBER', '1', '模块资源', '2015-1-10', '2015-1-10');


--2,应用系统
INSERT INTO `TB_USERADMIN_SYSTEM` (`SYSTEM_ID`, `SYSTEM_CODE`, `NAME`, `ICON`, `URL`, `DESCRIPTION`, `STATUS`, `CREATE_TIME`, `CREATE_PERSON`, `UPDATE_TIME`, `UPDATE_PERSON`) VALUES ('1', 'PERSON_CENTER', '个人中心', 'NULL', 'http://person', '个人中心', '1', '2013-11-11 11:11:11', '1', '2013-11-11 11:11:11', '1');
INSERT INTO `TB_USERADMIN_SYSTEM` (`SYSTEM_ID`, `SYSTEM_CODE`, `NAME`, `ICON`, `URL`, `DESCRIPTION`, `STATUS`, `CREATE_TIME`, `CREATE_PERSON`, `UPDATE_TIME`, `UPDATE_PERSON`) VALUES ('2', 'GOODS_CENTER', '商品中心', 'NULL', 'http://goods', '商品中心', '1', '2013-11-11 11:11:11', '1', '2013-11-11 11:11:11', '1');
INSERT INTO `TB_USERADMIN_SYSTEM` (`SYSTEM_ID`, `SYSTEM_CODE`, `NAME`, `ICON`, `URL`, `DESCRIPTION`, `STATUS`, `CREATE_TIME`, `CREATE_PERSON`, `UPDATE_TIME`, `UPDATE_PERSON`) VALUES ('3', 'ORDER_CENTER', '订单中心', 'NULL', 'http://order', '订单中心', '1', '2013-11-11 11:11:11', '1', '2013-11-11 11:11:11', '1');
INSERT INTO `TB_USERADMIN_SYSTEM` (`SYSTEM_ID`, `SYSTEM_CODE`, `NAME`, `ICON`, `URL`, `DESCRIPTION`, `STATUS`, `CREATE_TIME`, `CREATE_PERSON`, `UPDATE_TIME`, `UPDATE_PERSON`) VALUES ('4', 'ACTIVITY_CENTER', '活动中心', 'NULL', 'http://activity', '活动中心', '1', '2013-11-11 11:11:11', '1', '2013-11-11 11:11:11', '1');
INSERT INTO `TB_USERADMIN_SYSTEM` (`SYSTEM_ID`, `SYSTEM_CODE`, `NAME`, `ICON`, `URL`, `DESCRIPTION`, `STATUS`, `CREATE_TIME`, `CREATE_PERSON`, `UPDATE_TIME`, `UPDATE_PERSON`) VALUES ('5', 'REPORT_SYSTEM', '报表统计', 'NULL', 'http://report', '报表统计', '1', '2013-11-11 11:11:11', '1', '2013-11-11 11:11:11', '1');
INSERT INTO `TB_USERADMIN_SYSTEM` (`SYSTEM_ID`, `SYSTEM_CODE`, `NAME`, `ICON`, `URL`, `DESCRIPTION`, `STATUS`, `CREATE_TIME`, `CREATE_PERSON`, `UPDATE_TIME`, `UPDATE_PERSON`) VALUES ('6', 'EVAL_SYSTEM', '评价系统', 'NULL', 'http://eval', '评价系统', '1', '2013-11-11 11:11:11', '1', '2013-11-11 11:11:11', '1');
INSERT INTO `TB_USERADMIN_SYSTEM` (`SYSTEM_ID`, `SYSTEM_CODE`, `NAME`, `ICON`, `URL`, `DESCRIPTION`, `STATUS`, `CREATE_TIME`, `CREATE_PERSON`, `UPDATE_TIME`, `UPDATE_PERSON`) VALUES ('7', 'USER_SYSTEM', '用户管理系统', 'NULL', 'http://localhost:8086/index.do', '用户管理系统', '1', '2013-11-11 11:11:11', '1', '2013-11-11 11:11:11', '1');



--3,角色
INSERT INTO `TB_USERADMIN_ROLE` (`ROLE_ID`, `SYSTEM_CODE`, `ROLE_CODE`, `NAME`, `DESCRIPTION`, `STATUS`, `CREATE_TIME`, `CREATE_PERSON`, `UPDATE_TIME`, `UPDATE_PERSON`) VALUES ('1', 'PERSON_CENTER', 'PERSON_CENTER_ADMIN', '个人中心管理员', '个人中心管理员', '1', '2015-10-20', '1', '2015-10-20', '1');
INSERT INTO `TB_USERADMIN_ROLE` (`ROLE_ID`, `SYSTEM_CODE`, `ROLE_CODE`, `NAME`, `DESCRIPTION`, `STATUS`, `CREATE_TIME`, `CREATE_PERSON`, `UPDATE_TIME`, `UPDATE_PERSON`) VALUES ('2', 'GOODS_CENTER', 'GOODS_CENTER_ADMIN', '商品中心管理员', '商品中心管理员', '1', '2015-10-20', '1', '2015-10-20', '1');
INSERT INTO `TB_USERADMIN_ROLE` (`ROLE_ID`, `SYSTEM_CODE`, `ROLE_CODE`, `NAME`, `DESCRIPTION`, `STATUS`, `CREATE_TIME`, `CREATE_PERSON`, `UPDATE_TIME`, `UPDATE_PERSON`) VALUES ('3', 'ORDER_CENTER', 'ORDER_CENTER_ADMIN', '订单中心管理员', '订单中心管理员', '1', '2015-10-20', '1', '2015-10-20', '1');
INSERT INTO `TB_USERADMIN_ROLE` (`ROLE_ID`, `SYSTEM_CODE`, `ROLE_CODE`, `NAME`, `DESCRIPTION`, `STATUS`, `CREATE_TIME`, `CREATE_PERSON`, `UPDATE_TIME`, `UPDATE_PERSON`) VALUES ('4', 'ACTIVITY_CENTER', 'ACTIVITY_CENTER_ADMIN', '活动中心管理员', '活动中心管理员', '1', '2015-10-20', '1', '2015-10-20', '1');
INSERT INTO `TB_USERADMIN_ROLE` (`ROLE_ID`, `SYSTEM_CODE`, `ROLE_CODE`, `NAME`, `DESCRIPTION`, `STATUS`, `CREATE_TIME`, `CREATE_PERSON`, `UPDATE_TIME`, `UPDATE_PERSON`) VALUES ('5', 'REPORT_SYSTEM', 'REPORT_SYSTEM_ADMIN', '报表统计管理员', '报表统计管理员', '1', '2015-10-20', '1', '2015-10-20', '1');
INSERT INTO `TB_USERADMIN_ROLE` (`ROLE_ID`, `SYSTEM_CODE`, `ROLE_CODE`, `NAME`, `DESCRIPTION`, `STATUS`, `CREATE_TIME`, `CREATE_PERSON`, `UPDATE_TIME`, `UPDATE_PERSON`) VALUES ('6', 'EVAL_SYSTEM', 'EVAL_SYSTEM_ADMIN', '评价系统管理员', '评价系统管理员', '1', '2015-10-20', '1', '2015-10-20', '1');
INSERT INTO `TB_USERADMIN_ROLE` (`ROLE_ID`, `SYSTEM_CODE`, `ROLE_CODE`, `NAME`, `DESCRIPTION`, `STATUS`, `CREATE_TIME`, `CREATE_PERSON`, `UPDATE_TIME`, `UPDATE_PERSON`) VALUES ('7', 'USER_SYSTEM', 'USER_SYSTEM_ADMIN', '用户系统管理员', '用户系统管理员', '1', '2015-10-20', '1', '2015-10-20', '1');
INSERT INTO `TB_USERADMIN_ROLE` (`ROLE_ID`, `SYSTEM_CODE`, `ROLE_CODE`, `NAME`, `DESCRIPTION`, `STATUS`, `CREATE_TIME`, `CREATE_PERSON`, `UPDATE_TIME`, `UPDATE_PERSON`) VALUES ('8', 'GOODS_CENTER', 'GOODS_CENTER_CONFIG', '商品中心配置员', '商品中心配置员', '1', '2015-10-20', '1', '2015-10-20', '1');
INSERT INTO `TB_USERADMIN_ROLE` (`ROLE_ID`, `SYSTEM_CODE`, `ROLE_CODE`, `NAME`, `DESCRIPTION`, `STATUS`, `CREATE_TIME`, `CREATE_PERSON`, `UPDATE_TIME`, `UPDATE_PERSON`) VALUES ('9', 'ACTIVITY_CENTER', 'ACTIVITY_CENTER_MARKET', '活动中心市场部操作员', '活动中心市场部操作员', '1', '2015-10-20', '1', '2015-10-20', '1');

--4,日志表
INSERT INTO `TB_USERADMIN_LOG` (`LOG_ID`, `OPERATOR_ID`, `OPER_NAME`, `OPER_TYPE`, `BUSI_DATA_TYPE`, `BUIS_DATA_ID`, `REMARK`, `CREATE_TIME`, `UPDATE_TIME`) VALUES ('1', '1', '周亮', '增', 'USER_USERADMIN_ADD', '1', '增加李四用户', '2015-10-10', '2015-10-10');


--5,组织机构
INSERT INTO `TB_USERADMIN_ORGAN` (`ORGAN_ID`, `ORGAN_CODE`, `PARENT_ORGAN_CODE`, `NAME`, `SNAME`, `PRINCIPAL`, `TEL`, `STATUS`, `HAS_CHILD`, `DESCRIPTION`, `CREATE_TIME`, `CREATE_PERSON`, `UPDATE_TIME`, `UPDATE_PERSON`) VALUES ('1', '001', '-1', '电信事业部', 'TELE_DEP', '王五', '13427746666', '1', '1', '电信事业部', '2015-10-20', '1', '2015-10-20', '1');
INSERT INTO `TB_USERADMIN_ORGAN` (`ORGAN_ID`, `ORGAN_CODE`, `PARENT_ORGAN_CODE`, `NAME`, `SNAME`, `PRINCIPAL`, `TEL`, `STATUS`, `HAS_CHILD`, `DESCRIPTION`, `CREATE_TIME`, `CREATE_PERSON`, `UPDATE_TIME`, `UPDATE_PERSON`) VALUES ('2', '002', '-1', '联通事业部', 'UNICOM_DEP', '张三', '13427745555', '1', '0', '联通事业部', '2015-10-20', '1', '2015-10-20', '1');
INSERT INTO `TB_USERADMIN_ORGAN` (`ORGAN_ID`, `ORGAN_CODE`, `PARENT_ORGAN_CODE`, `NAME`, `SNAME`, `PRINCIPAL`, `TEL`, `STATUS`, `HAS_CHILD`, `DESCRIPTION`, `CREATE_TIME`, `CREATE_PERSON`, `UPDATE_TIME`, `UPDATE_PERSON`) VALUES ('3', '003', '-1', '移动业务部', 'MOBILE_DEP', '赵六', '13427744444', '1', '0', '移动业务部', '2015-10-20', '1', '2015-10-20', '1');
INSERT INTO `TB_USERADMIN_ORGAN` (`ORGAN_ID`, `ORGAN_CODE`, `PARENT_ORGAN_CODE`, `NAME`, `SNAME`, `PRINCIPAL`, `TEL`, `STATUS`, `HAS_CHILD`, `DESCRIPTION`, `CREATE_TIME`, `CREATE_PERSON`, `UPDATE_TIME`, `UPDATE_PERSON`) VALUES ('4', '001001', '001', '研发一部', 'SOFE_DEV_1', '小李', '13427743333', '1', '0', '研发一部', '2015-10-20', '1', '2015-10-20', '1');
INSERT INTO `TB_USERADMIN_ORGAN` (`ORGAN_ID`, `ORGAN_CODE`, `PARENT_ORGAN_CODE`, `NAME`, `SNAME`, `PRINCIPAL`, `TEL`, `STATUS`, `HAS_CHILD`, `DESCRIPTION`, `CREATE_TIME`, `CREATE_PERSON`, `UPDATE_TIME`, `UPDATE_PERSON`) VALUES ('5', '001002', '001', '研发二部', 'SOFE_DEV_2', '小王', '13427742222', '1', '0', '研发二部', '2015-10-20', '1', '2015-10-20', '1');
INSERT INTO `TB_USERADMIN_ORGAN` (`ORGAN_ID`, `ORGAN_CODE`, `PARENT_ORGAN_CODE`, `NAME`, `SNAME`, `PRINCIPAL`, `TEL`, `STATUS`, `HAS_CHILD`, `DESCRIPTION`, `CREATE_TIME`, `CREATE_PERSON`, `UPDATE_TIME`, `UPDATE_PERSON`) VALUES ('6', '001003', '001', '研发三部', 'SOFE_DEV_3', '小周', '13427741111', '1', '0', '研发三部', '2015-10-20', '1', '2015-10-20', '1');
INSERT INTO `TB_USERADMIN_ORGAN` (`ORGAN_ID`, `ORGAN_CODE`, `PARENT_ORGAN_CODE`, `NAME`, `SNAME`, `PRINCIPAL`, `TEL`, `STATUS`, `HAS_CHILD`, `DESCRIPTION`, `CREATE_TIME`, `CREATE_PERSON`, `UPDATE_TIME`, `UPDATE_PERSON`) VALUES ('7', '004', '-1', '研发四部', 'SOFE_DEV_4', '小四', '13427747777', '1', '0', '研发四部', '2015-10-20 00:00:00', '1', '2015-10-20 00:00:00', '1');
INSERT INTO `TB_USERADMIN_ORGAN` (`ORGAN_ID`, `ORGAN_CODE`, `PARENT_ORGAN_CODE`, `NAME`, `SNAME`, `PRINCIPAL`, `TEL`, `STATUS`, `HAS_CHILD`, `DESCRIPTION`, `CREATE_TIME`, `CREATE_PERSON`, `UPDATE_TIME`, `UPDATE_PERSON`) VALUES ('8', '005', '-1', '研发五部', 'SOFE_DEV_5', '小五', '13427749999', '1', '0', '研发五部', '2015-10-20 00:00:00', '1', '2015-10-20 00:00:00', '1');
INSERT INTO `TB_USERADMIN_ORGAN` (`ORGAN_ID`, `ORGAN_CODE`, `PARENT_ORGAN_CODE`, `NAME`, `SNAME`, `PRINCIPAL`, `TEL`, `STATUS`, `HAS_CHILD`, `DESCRIPTION`, `CREATE_TIME`, `CREATE_PERSON`, `UPDATE_TIME`, `UPDATE_PERSON`) VALUES ('9', '006', '-1', '研发六部', 'SOFE_DEV_6', '小六', '13427748888', '1', '0', '研发六部', '2015-10-20 00:00:00', '1', '2015-10-20 00:00:00', '1');
INSERT INTO `TB_USERADMIN_ORGAN` (`ORGAN_ID`, `ORGAN_CODE`, `PARENT_ORGAN_CODE`, `NAME`, `SNAME`, `PRINCIPAL`, `TEL`, `STATUS`, `HAS_CHILD`, `DESCRIPTION`, `CREATE_TIME`, `CREATE_PERSON`, `UPDATE_TIME`, `UPDATE_PERSON`) VALUES ('10', '007', '-1', '研发七部', 'SOFE_DEV_7', '小七', '13411111111', '0', '0', '研发七部', '2015-10-20 00:00:00', '1', '2015-10-20 00:00:00', '1');
INSERT INTO `TB_USERADMIN_ORGAN` (`ORGAN_ID`, `ORGAN_CODE`, `PARENT_ORGAN_CODE`, `NAME`, `SNAME`, `PRINCIPAL`, `TEL`, `STATUS`, `HAS_CHILD`, `DESCRIPTION`, `CREATE_TIME`, `CREATE_PERSON`, `UPDATE_TIME`, `UPDATE_PERSON`) VALUES ('11', '008', '-1', '研发八部', 'SOFE_DEV_8', '小八', '13422222222', '1', '0', '研发八部', '2015-10-20 00:00:00', '1', '2015-10-20 00:00:00', '1');



--6,用户组
INSERT INTO  `TB_USERADMIN_USERGROUP` (`USERGROUP_ID`, `GROUP_NAME`, `DESCRIPTION`, `STATUS`, `CREATE_TIME`, `CREATE_PERSON`, `UPDATE_TIME`, `UPDATE_PERSON`) VALUES ('1', '管理员用户组', '管理员用户组', '1', '2015-10-20', '1', '2015-10-20', '1');
INSERT INTO  `TB_USERADMIN_USERGROUP` (`USERGROUP_ID`, `GROUP_NAME`, `DESCRIPTION`, `STATUS`, `CREATE_TIME`, `CREATE_PERSON`, `UPDATE_TIME`, `UPDATE_PERSON`) VALUES ('2', '市场员用户组', '市场员用户组', '1', '2015-10-20', '1', '2015-10-20', '1');
INSERT INTO  `TB_USERADMIN_USERGROUP` (`USERGROUP_ID`, `GROUP_NAME`, `DESCRIPTION`, `STATUS`, `CREATE_TIME`, `CREATE_PERSON`, `UPDATE_TIME`, `UPDATE_PERSON`) VALUES ('3', '操作员用户组', '操作员用户组', '1', '2015-10-20', '1', '2015-10-20', '1');

--7,用户信息
INSERT INTO `TB_USERADMIN_USER` (`USER_ID`, `LOGIN_ID`, `USERNAME`, `PASSWORD`, `EMAIL`, `TEL`, `SEX`, `STATUS`, `BIRTHDAY`, `CREATE_TIME`, `CREATE_PERSON`, `UPDATE_TIME`, `UPDATE_PERSON`) VALUES ('1', '18665867002', '张三', '7c222fb2927d828af22f592134e8932480637c0d', 'a@qq.com', '18665867002', 'M', '1', '1982-10-20', '2015-10-20', '1', '2015-10-20', '1');
INSERT INTO `TB_USERADMIN_USER` (`USER_ID`, `LOGIN_ID`, `USERNAME`, `PASSWORD`, `EMAIL`, `TEL`, `SEX`, `STATUS`, `BIRTHDAY`, `CREATE_TIME`, `CREATE_PERSON`, `UPDATE_TIME`, `UPDATE_PERSON`) VALUES ('2', '18912345678', '李四', '7c222fb2927d828af22f592134e8932480637c0d', 'b@qq.com', '18912345678', 'M', '1', '1985-10-20', '2015-10-20', '1', '2015-10-20', '1');

--8,资源模块
INSERT INTO `TB_USERADMIN_RESOURCE` (`RES_ID`, `SYSTEM_CODE`, `PARENT_RES_ID`, `NAME`, `ENAME`, `URL`, `TYPE`, `ORDER_NO`, `STATUS`, `HAS_CHILD`, `CREATE_TIME`, `CREATE_PERSON`, `UPDATE_TIME`, `UPDATE_PERSON`) VALUES ('1', 'USER_SYSTEM', '-1', '用户管理', 'USER_ADMIN', 'http://localhost:8086/user/list', '0', '1', '1', '1', '2015-10-20', '1', '2015-10-20', '1');
INSERT INTO `TB_USERADMIN_RESOURCE` (`RES_ID`, `SYSTEM_CODE`, `PARENT_RES_ID`, `NAME`, `ENAME`, `URL`, `TYPE`, `ORDER_NO`, `STATUS`, `HAS_CHILD`, `CREATE_TIME`, `CREATE_PERSON`, `UPDATE_TIME`, `UPDATE_PERSON`) VALUES ('2', 'USER_SYSTEM', '-1', '角色管理', 'ROLE_ADMIN', 'http://localhost:8086/role/list', '0', '2', '1', '1', '2015-10-20', '1', '2015-10-20', '1');
INSERT INTO `TB_USERADMIN_RESOURCE` (`RES_ID`, `SYSTEM_CODE`, `PARENT_RES_ID`, `NAME`, `ENAME`, `URL`, `TYPE`, `ORDER_NO`, `STATUS`, `HAS_CHILD`, `CREATE_TIME`, `CREATE_PERSON`, `UPDATE_TIME`, `UPDATE_PERSON`) VALUES ('3', 'USER_SYSTEM', '-1', '用户组管理', 'USERGROUP_ADMIN', 'http://localhost:8086/group/list', '0', '3', '1', '1', '2015-10-20', '1', '2015-10-20', '1');
INSERT INTO `TB_USERADMIN_RESOURCE` (`RES_ID`, `SYSTEM_CODE`, `PARENT_RES_ID`, `NAME`, `ENAME`, `URL`, `TYPE`, `ORDER_NO`, `STATUS`, `HAS_CHILD`, `CREATE_TIME`, `CREATE_PERSON`, `UPDATE_TIME`, `UPDATE_PERSON`) VALUES ('4', 'USER_SYSTEM', '-1', '机构管理', 'ORGAN_ADMIN', 'http://localhost:8086/organ/list', '0', '4', '1', '1', '2015-10-20', '1', '2015-10-20', '1');
INSERT INTO `TB_USERADMIN_RESOURCE` (`RES_ID`, `SYSTEM_CODE`, `PARENT_RES_ID`, `NAME`, `ENAME`, `URL`, `TYPE`, `ORDER_NO`, `STATUS`, `HAS_CHILD`, `CREATE_TIME`, `CREATE_PERSON`, `UPDATE_TIME`, `UPDATE_PERSON`) VALUES ('5', 'USER_SYSTEM', '-1', '系统管理', 'SYSTEM_ADMIN', 'http://localhost:8086/system/list', '0', '5', '1', '1', '2015-10-20', '1', '2015-10-20', '1');
INSERT INTO `TB_USERADMIN_RESOURCE` (`RES_ID`, `SYSTEM_CODE`, `PARENT_RES_ID`, `NAME`, `ENAME`, `URL`, `TYPE`, `ORDER_NO`, `STATUS`, `HAS_CHILD`, `CREATE_TIME`, `CREATE_PERSON`, `UPDATE_TIME`, `UPDATE_PERSON`) VALUES ('6', 'USER_SYSTEM', '-1', '资源管理', 'RES_ADMIN', 'http://localhost:8086/res/list', '0', '6', '1', '1', '2015-10-20', '1', '2015-10-20', '1');
INSERT INTO `TB_USERADMIN_RESOURCE` (`RES_ID`, `SYSTEM_CODE`, `PARENT_RES_ID`, `NAME`, `ENAME`, `URL`, `TYPE`, `ORDER_NO`, `STATUS`, `HAS_CHILD`, `CREATE_TIME`, `CREATE_PERSON`, `UPDATE_TIME`, `UPDATE_PERSON`) VALUES ('7', 'USER_SYSTEM', '-1', '字典管理', 'DIC_ADMIN', 'http://localhost:8086/dic/list', '0', '7', '1', '1', '2015-10-20', '1', '2015-10-20', '1');
INSERT INTO `TB_USERADMIN_RESOURCE` (`RES_ID`, `SYSTEM_CODE`, `PARENT_RES_ID`, `NAME`, `ENAME`, `URL`, `TYPE`, `ORDER_NO`, `STATUS`, `HAS_CHILD`, `CREATE_TIME`, `CREATE_PERSON`, `UPDATE_TIME`, `UPDATE_PERSON`) VALUES ('8', 'USER_SYSTEM', '-1', '日志管理', 'LOG_ADMIN', 'http://localhost:8086/log/list', '0', '8', '1', '1', '2015-10-20', '1', '2015-10-20', '1');


INSERT INTO `TB_USERADMIN_RESOURCE` (`RES_ID`, `SYSTEM_CODE`, `PARENT_RES_ID`, `NAME`, `ENAME`, `URL`, `TYPE`) VALUES ('9', 'USER_SYSTEM', '1', '用户列表', 'USER_ADMIN_LIST', 'http://localhost:8086/user/list', '2');
INSERT INTO `TB_USERADMIN_RESOURCE` (`RES_ID`, `SYSTEM_CODE`, `PARENT_RES_ID`, `NAME`, `ENAME`, `URL`, `TYPE`) VALUES ('10', 'USER_SYSTEM', '1', '新增用户', 'USER_ADMIN_PREADD', 'http://localhost:8086/user/presave', '2');
INSERT INTO `TB_USERADMIN_RESOURCE` (`RES_ID`,`SYSTEM_CODE`,`PARENT_RES_ID`,`NAME`,`ENAME`,`URL`,`TYPE`,`ICON`,`ORDER_NO`,`DESCRIPTION`,`STATUS`,`STYLE`,`HAS_CHILD`,`CREATE_TIME`,`CREATE_PERSON`,`UPDATE_TIME`,`UPDATE_PERSON`) VALUES (13,'USER_SYSTEM',9,'配置','USER_ADMIN_PRECONFIG','http://localhost:8086/user/preconfig.do','3',NULL,1,NULL,1,NULL,NULL,NULL,NULL,NULL,NULL);
INSERT INTO `TB_USERADMIN_RESOURCE` (`RES_ID`,`SYSTEM_CODE`,`PARENT_RES_ID`,`NAME`,`ENAME`,`URL`,`TYPE`,`ICON`,`ORDER_NO`,`DESCRIPTION`,`STATUS`,`STYLE`,`HAS_CHILD`,`CREATE_TIME`,`CREATE_PERSON`,`UPDATE_TIME`,`UPDATE_PERSON`) VALUES (14,'USER_SYSTEM',9,'编辑','USER_ADMIN_PREEDIT','http://localhost:8086/user/preedit.do','3',NULL,2,NULL,1,NULL,NULL,NULL,NULL,NULL,NULL);
INSERT INTO `TB_USERADMIN_RESOURCE` (`RES_ID`, `SYSTEM_CODE`, `PARENT_RES_ID`, `NAME`, `ENAME`, `URL`, `TYPE`, `ORDER_NO`, `STATUS`) VALUES ('15', 'USER_SYSTEM', '9', '查看', 'USER_ADMIN_VIEW', 'http://localhost:8086/user/view.do', '4', '1', '1');
INSERT INTO `TB_USERADMIN_RESOURCE` (`RES_ID`, `SYSTEM_CODE`, `PARENT_RES_ID`, `NAME`, `ENAME`, `URL`, `TYPE`, `ORDER_NO`, `STATUS`) VALUES ('18', 'USER_SYSTEM', '9', '新增保存', 'USER_ADMIN_ADD', 'http://localhost:8086/user/save.do', '4', '1', '1');
INSERT INTO `TB_USERADMIN_RESOURCE` (`RES_ID`, `SYSTEM_CODE`, `PARENT_RES_ID`, `NAME`, `ENAME`, `URL`, `TYPE`, `ORDER_NO`, `STATUS`) VALUES ('19', 'USER_SYSTEM', '9', '编辑保存', 'USER_ADMIN_EDIT', 'http://localhost:8086/user/edit.do', '4', '1', '1');
INSERT INTO `TB_USERADMIN_RESOURCE` (`RES_ID`, `SYSTEM_CODE`, `PARENT_RES_ID`, `NAME`, `ENAME`, `URL`, `TYPE`, `ORDER_NO`, `STATUS`) VALUES ('20', 'USER_SYSTEM', '9', '配置保存', 'USER_ADMIN_CONFIG', 'http://localhost:8086/user/config.do', '4', '1', '1');


INSERT INTO `TB_USERADMIN_RESOURCE` (`RES_ID`, `SYSTEM_CODE`, `PARENT_RES_ID`, `NAME`, `ENAME`, `URL`, `TYPE`, `ORDER_NO`, `STATUS`) VALUES ('16', 'USER_SYSTEM', '8', '日志列表', 'LOG_ADMIN_LIST', 'http://localhost:8086/log/list.do', '2', '1', '1');
INSERT INTO `TB_USERADMIN_RESOURCE` (`RES_ID`, `SYSTEM_CODE`, `PARENT_RES_ID`, `NAME`, `ENAME`, `URL`, `TYPE`, `ORDER_NO`, `STATUS`) VALUES ('17', 'USER_SYSTEM', '16', '查看', 'LOG_ADMIN_VIEW', 'http://localhost:8086/log/view.do', '4', '1', '1');


INSERT INTO `TB_USERADMIN_RESOURCE` (`RES_ID`, `SYSTEM_CODE`, `PARENT_RES_ID`, `NAME`, `ENAME`, `URL`, `TYPE`, `ORDER_NO`, `STATUS`) VALUES ('21', 'USER_SYSTEM', '7', '字典列表', 'DIC_ADMIN_LIST', 'http://localhost:8086/dic/list.do', '2', '1', '1');
INSERT INTO `TB_USERADMIN_RESOURCE` (`RES_ID`, `SYSTEM_CODE`, `PARENT_RES_ID`, `NAME`, `ENAME`, `URL`, `TYPE`, `ORDER_NO`, `STATUS`) VALUES ('22', 'USER_SYSTEM', '7', '新增字典', 'DIC_ADMIN_PREADD', 'http://localhost:8086/dic/presave.do', '2', '2', '1');
INSERT INTO `TB_USERADMIN_RESOURCE` (`RES_ID`, `SYSTEM_CODE`, `PARENT_RES_ID`, `NAME`, `ENAME`, `URL`, `TYPE`, `ORDER_NO`, `STATUS`) VALUES ('23', 'USER_SYSTEM', '21', '编辑', 'DIC_ADMIN_PREEDIT', 'http://localhost:8086/dic/preedit.do', '3', '1', '1');
INSERT INTO `TB_USERADMIN_RESOURCE` (`RES_ID`, `SYSTEM_CODE`, `PARENT_RES_ID`, `NAME`, `ENAME`, `URL`, `TYPE`, `ORDER_NO`, `STATUS`) VALUES ('24', 'USER_SYSTEM', '21', '查看', 'DIC_ADMIN_VIEW', 'http://localhost:8086/dic/view.do', '4', '1', '1');
INSERT INTO `TB_USERADMIN_RESOURCE` (`RES_ID`, `SYSTEM_CODE`, `PARENT_RES_ID`, `NAME`, `ENAME`, `URL`, `TYPE`, `ORDER_NO`, `STATUS`) VALUES ('25', 'USER_SYSTEM', '21', '禁用', 'DIC_ADMIN_DISABLE', 'http://localhost:8086/dic/disable.json', '3', '2', '1');
INSERT INTO `TB_USERADMIN_RESOURCE` (`RES_ID`, `SYSTEM_CODE`, `PARENT_RES_ID`, `NAME`, `ENAME`, `URL`, `TYPE`, `ORDER_NO`, `STATUS`) VALUES ('26', 'USER_SYSTEM', '21', '启用', 'DIC_ADMIN_ENABLE', 'http://localhost:8086/dic/enable.json', '3', '3', '1');
INSERT INTO `TB_USERADMIN_RESOURCE` (`RES_ID`, `SYSTEM_CODE`, `PARENT_RES_ID`, `NAME`, `ENAME`, `URL`, `TYPE`, `ORDER_NO`, `STATUS`) VALUES ('27', 'USER_SYSTEM', '21', '新增保存', 'DIC_ADMIN_ADD', 'http://localhost:8086/dic/save.do', '4', '1', '1');
INSERT INTO `TB_USERADMIN_RESOURCE` (`RES_ID`, `SYSTEM_CODE`, `PARENT_RES_ID`, `NAME`, `ENAME`, `URL`, `TYPE`, `ORDER_NO`, `STATUS`) VALUES ('28', 'USER_SYSTEM', '21', '更新保存', 'DIC_ADMIN_EDIT', 'http://localhost:8086/dic/edit.do', '4', '1', '1');


INSERT INTO `TB_USERADMIN_RESOURCE` (`RES_ID`, `SYSTEM_CODE`, `PARENT_RES_ID`, `NAME`, `ENAME`, `URL`, `TYPE`, `ORDER_NO`, `STATUS`) VALUES ('29', 'USER_SYSTEM', '2', '角色列表', 'ROLE_ADMIN_LIST', 'http://localhost:8086/role/list.do', '2', '1', '1');
INSERT INTO `TB_USERADMIN_RESOURCE` (`RES_ID`, `SYSTEM_CODE`, `PARENT_RES_ID`, `NAME`, `ENAME`, `URL`, `TYPE`, `ORDER_NO`, `STATUS`) VALUES ('30', 'USER_SYSTEM', '2', '新增角色', 'ROLE_ADMIN_PREADD', 'http://localhost:8086/role/presave.do', '2', '2', '1');
INSERT INTO `TB_USERADMIN_RESOURCE` (`RES_ID`, `SYSTEM_CODE`, `PARENT_RES_ID`, `NAME`, `ENAME`, `URL`, `TYPE`, `ORDER_NO`, `STATUS`) VALUES ('31', 'USER_SYSTEM', '29', '编辑', 'ROLE_ADMIN_PREEDIT', 'http://localhost:8086/role/preedit.do', '3', '1', '1');
INSERT INTO `TB_USERADMIN_RESOURCE` (`RES_ID`, `SYSTEM_CODE`, `PARENT_RES_ID`, `NAME`, `ENAME`, `URL`, `TYPE`, `ORDER_NO`, `STATUS`) VALUES ('32', 'USER_SYSTEM', '29', '查看', 'ROLE_ADMIN_VIEW', 'http://localhost:8086/role/view.do', '4', '1', '1');
INSERT INTO `TB_USERADMIN_RESOURCE` (`RES_ID`, `SYSTEM_CODE`, `PARENT_RES_ID`, `NAME`, `ENAME`, `URL`, `TYPE`, `ORDER_NO`, `STATUS`) VALUES ('33', 'USER_SYSTEM', '29', '禁用', 'ROLE_ADMIN_DISABLE', 'http://localhost:8086/role/disable.json', '3', '2', '1');
INSERT INTO `TB_USERADMIN_RESOURCE` (`RES_ID`, `SYSTEM_CODE`, `PARENT_RES_ID`, `NAME`, `ENAME`, `URL`, `TYPE`, `ORDER_NO`, `STATUS`) VALUES ('34', 'USER_SYSTEM', '29', '启用', 'ROLE_ADMIN_ENABLE', 'http://localhost:8086/role/enable.json', '3', '3', '1');
INSERT INTO `TB_USERADMIN_RESOURCE` (`RES_ID`, `SYSTEM_CODE`, `PARENT_RES_ID`, `NAME`, `ENAME`, `URL`, `TYPE`, `ORDER_NO`, `STATUS`) VALUES ('35', 'USER_SYSTEM', '29', '配置', 'ROLE_ADMIN_PRECONFIG', 'http://localhost:8086/role/preconfig.do', '3', '4', '1');
INSERT INTO `TB_USERADMIN_RESOURCE` (`RES_ID`, `SYSTEM_CODE`, `PARENT_RES_ID`, `NAME`, `ENAME`, `URL`, `TYPE`, `ORDER_NO`, `STATUS`) VALUES ('36', 'USER_SYSTEM', '29', '新增保存', 'ROLE_ADMIN_ADD', 'http://localhost:8086/role/save.do', '4', '1', '1');
INSERT INTO `TB_USERADMIN_RESOURCE` (`RES_ID`, `SYSTEM_CODE`, `PARENT_RES_ID`, `NAME`, `ENAME`, `URL`, `TYPE`, `ORDER_NO`, `STATUS`) VALUES ('37', 'USER_SYSTEM', '29', '编辑保存', 'ROLE_ADMIN_EDIT', 'http://localhost:8086/role/update.do', '4', '1', '1');
INSERT INTO `TB_USERADMIN_RESOURCE` (`RES_ID`, `SYSTEM_CODE`, `PARENT_RES_ID`, `NAME`, `ENAME`, `URL`, `TYPE`, `ORDER_NO`, `STATUS`) VALUES ('38', 'USER_SYSTEM', '29', '配置保存', 'ROLE_ADMIN_CONFIG', 'http://localhost:8086/role/config.do', '4', '1', '1');



INSERT INTO `TB_USERADMIN_RESOURCE` (`RES_ID`, `SYSTEM_CODE`, `PARENT_RES_ID`, `NAME`, `ENAME`, `URL`, `TYPE`, `ORDER_NO`, `STATUS`) VALUES ('39', 'USER_SYSTEM', '3', '用户组列表', 'USERGROUP_ADMIN_LIST', 'http://localhost:8086/group/list.do', '2', '1', '1');
INSERT INTO `TB_USERADMIN_RESOURCE` (`RES_ID`, `SYSTEM_CODE`, `PARENT_RES_ID`, `NAME`, `ENAME`, `URL`, `TYPE`, `ORDER_NO`, `STATUS`) VALUES ('40', 'USER_SYSTEM', '3', '新增用户组', 'USERGROUP_ADMIN_PREADD', 'http://localhost:8086/group/presave.do', '2', '2', '1');
INSERT INTO `TB_USERADMIN_RESOURCE` (`RES_ID`, `SYSTEM_CODE`, `PARENT_RES_ID`, `NAME`, `ENAME`, `URL`, `TYPE`, `ORDER_NO`, `STATUS`) VALUES ('41', 'USER_SYSTEM', '39', '编辑', 'USERGROUP_ADMIN_PREEDIT', 'http://localhost:8086/group/preedit.do', '3', '1', '1');
INSERT INTO `TB_USERADMIN_RESOURCE` (`RES_ID`, `SYSTEM_CODE`, `PARENT_RES_ID`, `NAME`, `ENAME`, `URL`, `TYPE`, `ORDER_NO`, `STATUS`) VALUES ('42', 'USER_SYSTEM', '39', '禁用', 'USERGROUP_ADMIN_DISABLE', 'http://localhost:8086/group/disable.json', '3', '2', '1');
INSERT INTO `TB_USERADMIN_RESOURCE` (`RES_ID`, `SYSTEM_CODE`, `PARENT_RES_ID`, `NAME`, `ENAME`, `URL`, `TYPE`, `ORDER_NO`, `STATUS`) VALUES ('43', 'USER_SYSTEM', '39', '启用', 'USERGROUP_ADMIN_ENABLE', 'http://localhost:8086/group/enable.json', '3', '3', '1');
INSERT INTO `TB_USERADMIN_RESOURCE` (`RES_ID`, `SYSTEM_CODE`, `PARENT_RES_ID`, `NAME`, `ENAME`, `URL`, `TYPE`, `ORDER_NO`, `STATUS`) VALUES ('44', 'USER_SYSTEM', '39', '配置', 'USERGROUP_ADMIN_PRECONFIG', 'http://localhost:8086/group/preconfig.do', '3', '4', '1');
INSERT INTO `TB_USERADMIN_RESOURCE` (`RES_ID`, `SYSTEM_CODE`, `PARENT_RES_ID`, `NAME`, `ENAME`, `URL`, `TYPE`, `ORDER_NO`, `STATUS`) VALUES ('45', 'USER_SYSTEM', '39', '查看', 'USERGROUP_ADMIN_VIEW', 'http://localhost:8086/group/view.do', '4', '1', '1');
INSERT INTO `TB_USERADMIN_RESOURCE` (`RES_ID`, `SYSTEM_CODE`, `PARENT_RES_ID`, `NAME`, `ENAME`, `URL`, `TYPE`, `ORDER_NO`, `STATUS`) VALUES ('46', 'USER_SYSTEM', '39', '新增保存', 'USERGROUP_ADMIN_ADD', 'http://localhost:8086/group/add.do', '4', '1', '1');
INSERT INTO `TB_USERADMIN_RESOURCE` (`RES_ID`, `SYSTEM_CODE`, `PARENT_RES_ID`, `NAME`, `ENAME`, `URL`, `TYPE`, `ORDER_NO`, `STATUS`) VALUES ('47', 'USER_SYSTEM', '39', '编辑保存', 'USERGROUP_ADMIN_EDIT', 'http://localhost:8086/group/edit.do', '4', '1', '1');
INSERT INTO `TB_USERADMIN_RESOURCE` (`RES_ID`, `SYSTEM_CODE`, `PARENT_RES_ID`, `NAME`, `ENAME`, `URL`, `TYPE`, `ORDER_NO`, `STATUS`) VALUES ('48', 'USER_SYSTEM', '39', '配置保存', 'USERGROUP_ADMIN_CONFIG', 'http://localhost:8086/group/config.do', '4', '1', '1');


INSERT INTO `TB_USERADMIN_RESOURCE` (`RES_ID`, `SYSTEM_CODE`, `PARENT_RES_ID`, `NAME`, `ENAME`, `URL`, `TYPE`, `ORDER_NO`, `STATUS`) VALUES ('49', 'USER_SYSTEM', '5', '系统列表', 'SYSTEM_ADMIN_LIST', 'http://localhost:8086/system/list.do', '2', '1', '1');
INSERT INTO `TB_USERADMIN_RESOURCE` (`RES_ID`, `SYSTEM_CODE`, `PARENT_RES_ID`, `NAME`, `ENAME`, `URL`, `TYPE`, `ORDER_NO`, `STATUS`) VALUES ('50', 'USER_SYSTEM', '5', '新增系统', 'SYSTEM_ADMIN_PREADD', 'http://localhost:8086/system/presave.do', '2', '2', '1');
INSERT INTO `TB_USERADMIN_RESOURCE` (`RES_ID`, `SYSTEM_CODE`, `PARENT_RES_ID`, `NAME`, `ENAME`, `URL`, `TYPE`, `ORDER_NO`, `STATUS`) VALUES ('51', 'USER_SYSTEM', '49', '编辑', 'SYSTEM_ADMIN_PREEDIT', 'http://localhost:8086/system/preedit.do', '3', '1', '1');
INSERT INTO `TB_USERADMIN_RESOURCE` (`RES_ID`, `SYSTEM_CODE`, `PARENT_RES_ID`, `NAME`, `ENAME`, `URL`, `TYPE`, `ORDER_NO`, `STATUS`) VALUES ('52', 'USER_SYSTEM', '49', '禁用', 'SYSTEM_ADMIN_DISABLE', 'http://localhost:8086/system/disable.json', '3', '2', '1');
INSERT INTO `TB_USERADMIN_RESOURCE` (`RES_ID`, `SYSTEM_CODE`, `PARENT_RES_ID`, `NAME`, `ENAME`, `URL`, `TYPE`, `ORDER_NO`, `STATUS`) VALUES ('53', 'USER_SYSTEM', '49', '启用', 'SYSTEM_ADMIN_ENABLE', 'http://localhost:8086/system/enable.json', '3', '3', '1');
INSERT INTO `TB_USERADMIN_RESOURCE` (`RES_ID`, `SYSTEM_CODE`, `PARENT_RES_ID`, `NAME`, `ENAME`, `URL`, `TYPE`, `ORDER_NO`, `STATUS`) VALUES ('54', 'USER_SYSTEM', '49', '查看', 'SYSTEM_ADMIN_VIEW', 'http://localhost:8086/system/view.do', '4', '1', '1');
INSERT INTO `TB_USERADMIN_RESOURCE` (`RES_ID`, `SYSTEM_CODE`, `PARENT_RES_ID`, `NAME`, `ENAME`, `URL`, `TYPE`, `ORDER_NO`, `STATUS`) VALUES ('55', 'USER_SYSTEM', '49', '新增保存', 'SYSTEM_ADMIN_ADD', 'http://localhost:8086/system/save.do', '4', '1', '1');
INSERT INTO `TB_USERADMIN_RESOURCE` (`RES_ID`, `SYSTEM_CODE`, `PARENT_RES_ID`, `NAME`, `ENAME`, `URL`, `TYPE`, `ORDER_NO`, `STATUS`) VALUES ('56', 'USER_SYSTEM', '49', '编辑保存', 'SYSTEM_ADMIN_EDIT', 'http://localhost:8086/system/edit.do', '4', '1', '1');


INSERT INTO `TB_USERADMIN_RESOURCE` (`RES_ID`, `SYSTEM_CODE`, `PARENT_RES_ID`, `NAME`, `ENAME`, `URL`, `TYPE`, `ORDER_NO`, `STATUS`) VALUES ('57', 'USER_SYSTEM', '4', '机构列表', 'ORGAN_ADMIN_LIST', 'http://localhost:8086/organ/list.do', '2', '1', '1');
INSERT INTO `TB_USERADMIN_RESOURCE` (`RES_ID`, `SYSTEM_CODE`, `PARENT_RES_ID`, `NAME`, `ENAME`, `URL`, `TYPE`, `ORDER_NO`, `STATUS`) VALUES ('58', 'USER_SYSTEM', '4', '新增机构', 'ORGAN_ADMIN_PREADD', 'http://localhost:8086/organ/presave.do', '2', '2', '1');
INSERT INTO `TB_USERADMIN_RESOURCE` (`RES_ID`, `SYSTEM_CODE`, `PARENT_RES_ID`, `NAME`, `ENAME`, `URL`, `TYPE`, `ORDER_NO`, `STATUS`) VALUES ('59', 'USER_SYSTEM', '57', '编辑', 'ORGAN_ADMIN_PREEDIT', 'http://localhost:8086/organ/preedit.do', '3', '1', '1');
INSERT INTO `TB_USERADMIN_RESOURCE` (`RES_ID`, `SYSTEM_CODE`, `PARENT_RES_ID`, `NAME`, `ENAME`, `URL`, `TYPE`, `ORDER_NO`, `STATUS`) VALUES ('60', 'USER_SYSTEM', '57', '禁用', 'ORGAN_ADMIN_DISABLE', 'http://localhost:8086/organ/disable.json', '3', '2', '1');
INSERT INTO `TB_USERADMIN_RESOURCE` (`RES_ID`, `SYSTEM_CODE`, `PARENT_RES_ID`, `NAME`, `ENAME`, `URL`, `TYPE`, `ORDER_NO`, `STATUS`) VALUES ('61', 'USER_SYSTEM', '57', '启用', 'ORGAN_ADMIN_ENABLE', 'http://localhost:8086/organ/enable.json', '3', '3', '1');
INSERT INTO `TB_USERADMIN_RESOURCE` (`RES_ID`, `SYSTEM_CODE`, `PARENT_RES_ID`, `NAME`, `ENAME`, `URL`, `TYPE`, `ORDER_NO`, `STATUS`) VALUES ('62', 'USER_SYSTEM', '57', '查看', 'ORGAN_ADMIN_VIEW', 'http://localhost:8086/organ/view.do', '4', '1', '1');
INSERT INTO `TB_USERADMIN_RESOURCE` (`RES_ID`, `SYSTEM_CODE`, `PARENT_RES_ID`, `NAME`, `ENAME`, `URL`, `TYPE`, `ORDER_NO`, `STATUS`) VALUES ('63', 'USER_SYSTEM', '57', '新增保存', 'ORGAN_ADMIN_ADD', 'http://localhost:8086/organ/save.do', '4', '1', '1');
INSERT INTO `TB_USERADMIN_RESOURCE` (`RES_ID`, `SYSTEM_CODE`, `PARENT_RES_ID`, `NAME`, `ENAME`, `URL`, `TYPE`, `ORDER_NO`, `STATUS`) VALUES ('64', 'USER_SYSTEM', '57', '编辑保存', 'ORGAN_ADMIN_EDIT', 'http://localhost:8086/organ/edit.do', '4', '1', '1');

INSERT INTO `TB_USERADMIN_RESOURCE` (`RES_ID`, `SYSTEM_CODE`, `PARENT_RES_ID`, `NAME`, `ENAME`, `URL`, `TYPE`, `ORDER_NO`, `STATUS`, `HAS_CHILD`) VALUES ('65', 'USER_SYSTEM', '6', '资源列表', 'RES_ADMIN_LIST', 'http://localhost:8086/res/list.do', '2', '1', '1', '1');
INSERT INTO `TB_USERADMIN_RESOURCE` (`RES_ID`, `SYSTEM_CODE`, `PARENT_RES_ID`, `NAME`, `ENAME`, `URL`, `TYPE`, `ORDER_NO`, `STATUS`) VALUES ('66', 'USER_SYSTEM', '6', '新增资源', 'RES_ADMIN_PREADD', 'http://localhost:8086/res/presave.do', '2', '2', '1');
INSERT INTO `TB_USERADMIN_RESOURCE` (`RES_ID`, `SYSTEM_CODE`, `PARENT_RES_ID`, `NAME`, `ENAME`, `URL`, `TYPE`, `ORDER_NO`, `STATUS`) VALUES ('67', 'USER_SYSTEM', '65', '编辑', 'RES_ADMIN_PREEDIT', 'http://localhost:8086/res/preedit.do', '3', '1', '1');
INSERT INTO `TB_USERADMIN_RESOURCE` (`RES_ID`, `SYSTEM_CODE`, `PARENT_RES_ID`, `NAME`, `ENAME`, `URL`, `TYPE`, `ORDER_NO`, `STATUS`) VALUES ('68', 'USER_SYSTEM', '65', '禁用', 'RES_ADMIN_DISABLE', 'http://localhost:8086/res/disable.json', '3', '2', '1');
INSERT INTO `TB_USERADMIN_RESOURCE` (`RES_ID`, `SYSTEM_CODE`, `PARENT_RES_ID`, `NAME`, `ENAME`, `URL`, `TYPE`, `ORDER_NO`, `STATUS`) VALUES ('69', 'USER_SYSTEM', '65', '启用', 'RES_ADMIN_ENABLE', 'http://localhost:8086/res/enable.json', '3', '3', '1');
INSERT INTO `TB_USERADMIN_RESOURCE` (`RES_ID`, `SYSTEM_CODE`, `PARENT_RES_ID`, `NAME`, `ENAME`, `URL`, `TYPE`, `ORDER_NO`, `STATUS`) VALUES ('70', 'USER_SYSTEM', '65', '查看', 'RES_ADMIN_VIEW', 'http://localhost:8086/res/view.do', '4', '1', '1');
INSERT INTO `TB_USERADMIN_RESOURCE` (`RES_ID`, `SYSTEM_CODE`, `PARENT_RES_ID`, `NAME`, `ENAME`, `URL`, `TYPE`, `ORDER_NO`, `STATUS`) VALUES ('71', 'USER_SYSTEM', '65', '新增保存', 'RES_ADMIN_ADD', 'http://localhost:8086/res/save.do', '4', '1', '1');
INSERT INTO `TB_USERADMIN_RESOURCE` (`RES_ID`, `SYSTEM_CODE`, `PARENT_RES_ID`, `NAME`, `ENAME`, `URL`, `TYPE`, `ORDER_NO`, `STATUS`) VALUES ('72', 'USER_SYSTEM', '65', '编辑保存', 'RES_ADMIN_EDIT', 'http://localhost:8086/res/update.do', '4', '1', '1');
UPDATE `user_admin`.`TB_USERADMIN_RESOURCE` SET `HAS_CHILD`='1' WHERE `RES_ID`='9';
UPDATE `user_admin`.`TB_USERADMIN_RESOURCE` SET `HAS_CHILD`='1' WHERE `RES_ID`='16';
UPDATE `user_admin`.`TB_USERADMIN_RESOURCE` SET `HAS_CHILD`='1' WHERE `RES_ID`='21';
UPDATE `user_admin`.`TB_USERADMIN_RESOURCE` SET `HAS_CHILD`='1' WHERE `RES_ID`='29';
UPDATE `user_admin`.`TB_USERADMIN_RESOURCE` SET `HAS_CHILD`='1' WHERE `RES_ID`='39';
UPDATE `user_admin`.`TB_USERADMIN_RESOURCE` SET `HAS_CHILD`='1' WHERE `RES_ID`='49';
UPDATE `user_admin`.`TB_USERADMIN_RESOURCE` SET `HAS_CHILD`='1' WHERE `RES_ID`='57';




--9,用户组角色关系
INSERT INTO `TB_USERADMIN_GROUPROLEREL` (`ROLE_CODE`, `USERGROUP_ID`) VALUES ('PERSON_CENTER_ADMIN', '1');
INSERT INTO `TB_USERADMIN_GROUPROLEREL` (`ROLE_CODE`, `USERGROUP_ID`) VALUES ('GOODS_CENTER_ADMIN', '1');
INSERT INTO `TB_USERADMIN_GROUPROLEREL` (`ROLE_CODE`, `USERGROUP_ID`) VALUES ('ORDER_CENTER_ADMIN', '1');
INSERT INTO `TB_USERADMIN_GROUPROLEREL` (`ROLE_CODE`, `USERGROUP_ID`) VALUES ('ACTIVITY_CENTER_ADMIN', '1');
INSERT INTO `TB_USERADMIN_GROUPROLEREL` (`ROLE_CODE`, `USERGROUP_ID`) VALUES ('REPORT_SYSTEM_ADMIN', '1');
INSERT INTO `TB_USERADMIN_GROUPROLEREL` (`ROLE_CODE`, `USERGROUP_ID`) VALUES ('EVAL_SYSTEM_ADMIN', '1');
INSERT INTO `TB_USERADMIN_GROUPROLEREL` (`ROLE_CODE`, `USERGROUP_ID`) VALUES ('USER_SYSTEM_ADMIN', '1');
INSERT INTO `TB_USERADMIN_GROUPROLEREL` (`ROLE_CODE`, `USERGROUP_ID`) VALUES ('ACTIVITY_CENTER_MARKET', '2');
INSERT INTO `TB_USERADMIN_GROUPROLEREL` (`ROLE_CODE`, `USERGROUP_ID`) VALUES ('GOODS_CENTER_CONFIG', '3');


--10,角色与资源权限关系
INSERT INTO `TB_USERADMIN_POPEDOM` (`ROLE_CODE`, `RES_ID`, `CREATE_TIME`, `UPDATE_TIME`) VALUES ('USER_SYSTEM_ADMIN', '1', '2015-10-20', '2015-10-20');
INSERT INTO `TB_USERADMIN_POPEDOM` (`ROLE_CODE`, `RES_ID`, `CREATE_TIME`, `UPDATE_TIME`) VALUES ('USER_SYSTEM_ADMIN', '2', '2015-10-20', '2015-10-20');
INSERT INTO `TB_USERADMIN_POPEDOM` (`ROLE_CODE`, `RES_ID`, `CREATE_TIME`, `UPDATE_TIME`) VALUES ('USER_SYSTEM_ADMIN', '3', '2015-10-20', '2015-10-20');
INSERT INTO `TB_USERADMIN_POPEDOM` (`ROLE_CODE`, `RES_ID`, `CREATE_TIME`, `UPDATE_TIME`) VALUES ('USER_SYSTEM_ADMIN', '4', '2015-10-20', '2015-10-20');
INSERT INTO `TB_USERADMIN_POPEDOM` (`ROLE_CODE`, `RES_ID`, `CREATE_TIME`, `UPDATE_TIME`) VALUES ('USER_SYSTEM_ADMIN', '5', '2015-10-20', '2015-10-20');
INSERT INTO `TB_USERADMIN_POPEDOM` (`ROLE_CODE`, `RES_ID`, `CREATE_TIME`, `UPDATE_TIME`) VALUES ('USER_SYSTEM_ADMIN', '6', '2015-10-20', '2015-10-20');
INSERT INTO .`TB_USERADMIN_POPEDOM` (`ROLE_CODE`, `RES_ID`, `CREATE_TIME`, `UPDATE_TIME`) VALUES ('USER_SYSTEM_ADMIN', '7', '2015-10-20', '2015-10-20');
INSERT INTO `TB_USERADMIN_POPEDOM` (`ROLE_CODE`, `RES_ID`, `CREATE_TIME`, `UPDATE_TIME`) VALUES ('USER_SYSTEM_ADMIN', '8', '2015-10-20', '2015-10-20');
INSERT INTO `TB_USERADMIN_POPEDOM` (`ROLE_CODE`, `RES_ID`, `CREATE_TIME`, `UPDATE_TIME`) VALUES ('USER_SYSTEM_ADMIN', '9', '2015-10-20', '2015-10-20');
INSERT INTO `TB_USERADMIN_POPEDOM` (`ROLE_CODE`, `RES_ID`, `CREATE_TIME`, `UPDATE_TIME`) VALUES ('USER_SYSTEM_ADMIN', '10', '2015-10-20', '2015-10-20');
INSERT INTO `TB_USERADMIN_POPEDOM` (`ROLE_CODE`, `RES_ID`, `CREATE_TIME`, `UPDATE_TIME`) VALUES ('USER_SYSTEM_ADMIN', '13', '2015-10-20 00:00:00', '2015-10-20 00:00:00');
INSERT INTO `TB_USERADMIN_POPEDOM` (`ROLE_CODE`, `RES_ID`, `CREATE_TIME`, `UPDATE_TIME`) VALUES ('USER_SYSTEM_ADMIN', '14', '2015-10-20 00:00:00', '2015-10-20 00:00:00');
INSERT INTO `TB_USERADMIN_POPEDOM` (`ROLE_CODE`, `RES_ID`, `CREATE_TIME`, `UPDATE_TIME`) VALUES ('USER_SYSTEM_ADMIN', '15', '2015-10-20 00:00:00', '2015-10-20 00:00:00');
INSERT INTO `TB_USERADMIN_POPEDOM` (`ROLE_CODE`, `RES_ID`, `CREATE_TIME`, `UPDATE_TIME`) VALUES ('USER_SYSTEM_ADMIN', '16', '2015-10-20 00:00:00', '2015-10-20 00:00:00');
INSERT INTO `TB_USERADMIN_POPEDOM` (`ROLE_CODE`, `RES_ID`, `CREATE_TIME`, `UPDATE_TIME`) VALUES ('USER_SYSTEM_ADMIN', '17', '2015-10-20 00:00:00', '2015-10-20 00:00:00');
INSERT INTO `TB_USERADMIN_POPEDOM` (`ROLE_CODE`, `RES_ID`, `CREATE_TIME`, `UPDATE_TIME`) VALUES ('USER_SYSTEM_ADMIN', '18', '2015-10-20 00:00:00', '2015-10-20 00:00:00');
INSERT INTO `TB_USERADMIN_POPEDOM` (`ROLE_CODE`, `RES_ID`, `CREATE_TIME`, `UPDATE_TIME`) VALUES ('USER_SYSTEM_ADMIN', '19', '2015-10-20 00:00:00', '2015-10-20 00:00:00');
INSERT INTO `TB_USERADMIN_POPEDOM` (`ROLE_CODE`, `RES_ID`, `CREATE_TIME`, `UPDATE_TIME`) VALUES ('USER_SYSTEM_ADMIN', '20', '2015-10-20 00:00:00', '2015-10-20 00:00:00');
INSERT INTO `TB_USERADMIN_POPEDOM` (`ROLE_CODE`, `RES_ID`, `CREATE_TIME`, `UPDATE_TIME`) VALUES ('USER_SYSTEM_ADMIN', '21', '2015-10-20 00:00:00', '2015-10-20 00:00:00');
INSERT INTO `TB_USERADMIN_POPEDOM` (`ROLE_CODE`, `RES_ID`, `CREATE_TIME`, `UPDATE_TIME`) VALUES ('USER_SYSTEM_ADMIN', '22', '2015-10-20 00:00:00', '2015-10-20 00:00:00');
INSERT INTO `TB_USERADMIN_POPEDOM` (`ROLE_CODE`, `RES_ID`, `CREATE_TIME`, `UPDATE_TIME`) VALUES ('USER_SYSTEM_ADMIN', '23', '2015-10-20 00:00:00', '2015-10-20 00:00:00');
INSERT INTO `TB_USERADMIN_POPEDOM` (`ROLE_CODE`, `RES_ID`, `CREATE_TIME`, `UPDATE_TIME`) VALUES ('USER_SYSTEM_ADMIN', '24', '2015-10-20 00:00:00', '2015-10-20 00:00:00');
INSERT INTO `TB_USERADMIN_POPEDOM` (`ROLE_CODE`, `RES_ID`, `CREATE_TIME`, `UPDATE_TIME`) VALUES ('USER_SYSTEM_ADMIN', '25', '2015-10-20 00:00:00', '2015-10-20 00:00:00');
INSERT INTO `TB_USERADMIN_POPEDOM` (`ROLE_CODE`, `RES_ID`, `CREATE_TIME`, `UPDATE_TIME`) VALUES ('USER_SYSTEM_ADMIN', '26', '2015-10-20 00:00:00', '2015-10-20 00:00:00');
INSERT INTO `TB_USERADMIN_POPEDOM` (`ROLE_CODE`, `RES_ID`, `CREATE_TIME`, `UPDATE_TIME`) VALUES ('USER_SYSTEM_ADMIN', '27', '2015-10-20 00:00:00', '2015-10-20 00:00:00');
INSERT INTO `TB_USERADMIN_POPEDOM` (`ROLE_CODE`, `RES_ID`, `CREATE_TIME`, `UPDATE_TIME`) VALUES ('USER_SYSTEM_ADMIN', '28', '2015-10-20 00:00:00', '2015-10-20 00:00:00');
INSERT INTO `TB_USERADMIN_POPEDOM` (`ROLE_CODE`, `RES_ID`, `CREATE_TIME`, `UPDATE_TIME`) VALUES ('USER_SYSTEM_ADMIN', '29', '2015-10-20 00:00:00', '2015-10-20 00:00:00');
INSERT INTO `TB_USERADMIN_POPEDOM` (`ROLE_CODE`, `RES_ID`, `CREATE_TIME`, `UPDATE_TIME`) VALUES ('USER_SYSTEM_ADMIN', '30', '2015-10-20 00:00:00', '2015-10-20 00:00:00');
INSERT INTO `TB_USERADMIN_POPEDOM` (`ROLE_CODE`, `RES_ID`, `CREATE_TIME`, `UPDATE_TIME`) VALUES ('USER_SYSTEM_ADMIN', '31', '2015-10-20 00:00:00', '2015-10-20 00:00:00');
INSERT INTO `TB_USERADMIN_POPEDOM` (`ROLE_CODE`, `RES_ID`, `CREATE_TIME`, `UPDATE_TIME`) VALUES ('USER_SYSTEM_ADMIN', '32', '2015-10-20 00:00:00', '2015-10-20 00:00:00');
INSERT INTO `TB_USERADMIN_POPEDOM` (`ROLE_CODE`, `RES_ID`, `CREATE_TIME`, `UPDATE_TIME`) VALUES ('USER_SYSTEM_ADMIN', '33', '2015-10-20 00:00:00', '2015-10-20 00:00:00');
INSERT INTO `TB_USERADMIN_POPEDOM` (`ROLE_CODE`, `RES_ID`, `CREATE_TIME`, `UPDATE_TIME`) VALUES ('USER_SYSTEM_ADMIN', '34', '2015-10-20 00:00:00', '2015-10-20 00:00:00');
INSERT INTO `TB_USERADMIN_POPEDOM` (`ROLE_CODE`, `RES_ID`, `CREATE_TIME`, `UPDATE_TIME`) VALUES ('USER_SYSTEM_ADMIN', '35', '2015-10-20 00:00:00', '2015-10-20 00:00:00');
INSERT INTO `TB_USERADMIN_POPEDOM` (`ROLE_CODE`, `RES_ID`, `CREATE_TIME`, `UPDATE_TIME`) VALUES ('USER_SYSTEM_ADMIN', '36', '2015-10-20 00:00:00', '2015-10-20 00:00:00');
INSERT INTO `TB_USERADMIN_POPEDOM` (`ROLE_CODE`, `RES_ID`, `CREATE_TIME`, `UPDATE_TIME`) VALUES ('USER_SYSTEM_ADMIN', '37', '2015-10-20 00:00:00', '2015-10-20 00:00:00');
INSERT INTO `TB_USERADMIN_POPEDOM` (`ROLE_CODE`, `RES_ID`, `CREATE_TIME`, `UPDATE_TIME`) VALUES ('USER_SYSTEM_ADMIN', '38', '2015-10-20 00:00:00', '2015-10-20 00:00:00');
INSERT INTO `TB_USERADMIN_POPEDOM` (`ROLE_CODE`, `RES_ID`, `CREATE_TIME`, `UPDATE_TIME`) VALUES ('USER_SYSTEM_ADMIN', '39', '2015-10-20 00:00:00', '2015-10-20 00:00:00');
INSERT INTO `TB_USERADMIN_POPEDOM` (`ROLE_CODE`, `RES_ID`, `CREATE_TIME`, `UPDATE_TIME`) VALUES ('USER_SYSTEM_ADMIN', '40', '2015-10-20 00:00:00', '2015-10-20 00:00:00');
INSERT INTO `TB_USERADMIN_POPEDOM` (`ROLE_CODE`, `RES_ID`, `CREATE_TIME`, `UPDATE_TIME`) VALUES ('USER_SYSTEM_ADMIN', '41', '2015-10-20 00:00:00', '2015-10-20 00:00:00');
INSERT INTO `TB_USERADMIN_POPEDOM` (`ROLE_CODE`, `RES_ID`, `CREATE_TIME`, `UPDATE_TIME`) VALUES ('USER_SYSTEM_ADMIN', '42', '2015-10-20 00:00:00', '2015-10-20 00:00:00');
INSERT INTO `TB_USERADMIN_POPEDOM` (`ROLE_CODE`, `RES_ID`, `CREATE_TIME`, `UPDATE_TIME`) VALUES ('USER_SYSTEM_ADMIN', '43', '2015-10-20 00:00:00', '2015-10-20 00:00:00');
INSERT INTO `TB_USERADMIN_POPEDOM` (`ROLE_CODE`, `RES_ID`, `CREATE_TIME`, `UPDATE_TIME`) VALUES ('USER_SYSTEM_ADMIN', '44', '2015-10-20 00:00:00', '2015-10-20 00:00:00');
INSERT INTO `TB_USERADMIN_POPEDOM` (`ROLE_CODE`, `RES_ID`, `CREATE_TIME`, `UPDATE_TIME`) VALUES ('USER_SYSTEM_ADMIN', '45', '2015-10-20 00:00:00', '2015-10-20 00:00:00');
INSERT INTO `TB_USERADMIN_POPEDOM` (`ROLE_CODE`, `RES_ID`, `CREATE_TIME`, `UPDATE_TIME`) VALUES ('USER_SYSTEM_ADMIN', '46', '2015-10-20 00:00:00', '2015-10-20 00:00:00');
INSERT INTO `TB_USERADMIN_POPEDOM` (`ROLE_CODE`, `RES_ID`, `CREATE_TIME`, `UPDATE_TIME`) VALUES ('USER_SYSTEM_ADMIN', '47', '2015-10-20 00:00:00', '2015-10-20 00:00:00');
INSERT INTO `TB_USERADMIN_POPEDOM` (`ROLE_CODE`, `RES_ID`, `CREATE_TIME`, `UPDATE_TIME`) VALUES ('USER_SYSTEM_ADMIN', '48', '2015-10-20 00:00:00', '2015-10-20 00:00:00');
INSERT INTO `TB_USERADMIN_POPEDOM` (`ROLE_CODE`, `RES_ID`, `CREATE_TIME`, `UPDATE_TIME`) VALUES ('USER_SYSTEM_ADMIN', '49', '2015-10-20 00:00:00', '2015-10-20 00:00:00');
INSERT INTO `TB_USERADMIN_POPEDOM` (`ROLE_CODE`, `RES_ID`, `CREATE_TIME`, `UPDATE_TIME`) VALUES ('USER_SYSTEM_ADMIN', '50', '2015-10-20 00:00:00', '2015-10-20 00:00:00');
INSERT INTO `TB_USERADMIN_POPEDOM` (`ROLE_CODE`, `RES_ID`, `CREATE_TIME`, `UPDATE_TIME`) VALUES ('USER_SYSTEM_ADMIN', '51', '2015-10-20 00:00:00', '2015-10-20 00:00:00');
INSERT INTO `TB_USERADMIN_POPEDOM` (`ROLE_CODE`, `RES_ID`, `CREATE_TIME`, `UPDATE_TIME`) VALUES ('USER_SYSTEM_ADMIN', '52', '2015-10-20 00:00:00', '2015-10-20 00:00:00');
INSERT INTO `TB_USERADMIN_POPEDOM` (`ROLE_CODE`, `RES_ID`, `CREATE_TIME`, `UPDATE_TIME`) VALUES ('USER_SYSTEM_ADMIN', '53', '2015-10-20 00:00:00', '2015-10-20 00:00:00');
INSERT INTO `TB_USERADMIN_POPEDOM` (`ROLE_CODE`, `RES_ID`, `CREATE_TIME`, `UPDATE_TIME`) VALUES ('USER_SYSTEM_ADMIN', '54', '2015-10-20 00:00:00', '2015-10-20 00:00:00');
INSERT INTO `TB_USERADMIN_POPEDOM` (`ROLE_CODE`, `RES_ID`, `CREATE_TIME`, `UPDATE_TIME`) VALUES ('USER_SYSTEM_ADMIN', '55', '2015-10-20 00:00:00', '2015-10-20 00:00:00');
INSERT INTO `TB_USERADMIN_POPEDOM` (`ROLE_CODE`, `RES_ID`, `CREATE_TIME`, `UPDATE_TIME`) VALUES ('USER_SYSTEM_ADMIN', '56', '2015-10-20 00:00:00', '2015-10-20 00:00:00');
INSERT INTO `TB_USERADMIN_POPEDOM` (`ROLE_CODE`, `RES_ID`, `CREATE_TIME`, `UPDATE_TIME`) VALUES ('USER_SYSTEM_ADMIN', '57', '2015-10-20 00:00:00', '2015-10-20 00:00:00');
INSERT INTO `TB_USERADMIN_POPEDOM` (`ROLE_CODE`, `RES_ID`, `CREATE_TIME`, `UPDATE_TIME`) VALUES ('USER_SYSTEM_ADMIN', '58', '2015-10-20 00:00:00', '2015-10-20 00:00:00');
INSERT INTO `TB_USERADMIN_POPEDOM` (`ROLE_CODE`, `RES_ID`, `CREATE_TIME`, `UPDATE_TIME`) VALUES ('USER_SYSTEM_ADMIN', '59', '2015-10-20 00:00:00', '2015-10-20 00:00:00');
INSERT INTO `TB_USERADMIN_POPEDOM` (`ROLE_CODE`, `RES_ID`, `CREATE_TIME`, `UPDATE_TIME`) VALUES ('USER_SYSTEM_ADMIN', '60', '2015-10-20 00:00:00', '2015-10-20 00:00:00');
INSERT INTO `TB_USERADMIN_POPEDOM` (`ROLE_CODE`, `RES_ID`, `CREATE_TIME`, `UPDATE_TIME`) VALUES ('USER_SYSTEM_ADMIN', '61', '2015-10-20 00:00:00', '2015-10-20 00:00:00');
INSERT INTO `TB_USERADMIN_POPEDOM` (`ROLE_CODE`, `RES_ID`, `CREATE_TIME`, `UPDATE_TIME`) VALUES ('USER_SYSTEM_ADMIN', '62', '2015-10-20 00:00:00', '2015-10-20 00:00:00');
INSERT INTO `TB_USERADMIN_POPEDOM` (`ROLE_CODE`, `RES_ID`, `CREATE_TIME`, `UPDATE_TIME`) VALUES ('USER_SYSTEM_ADMIN', '63', '2015-10-20 00:00:00', '2015-10-20 00:00:00');
INSERT INTO `TB_USERADMIN_POPEDOM` (`ROLE_CODE`, `RES_ID`, `CREATE_TIME`, `UPDATE_TIME`) VALUES ('USER_SYSTEM_ADMIN', '64', '2015-10-20 00:00:00', '2015-10-20 00:00:00');
INSERT INTO `TB_USERADMIN_POPEDOM` (`ROLE_CODE`, `RES_ID`, `CREATE_TIME`, `UPDATE_TIME`) VALUES ('USER_SYSTEM_ADMIN', '65', '2015-10-20 00:00:00', '2015-10-20 00:00:00');
INSERT INTO `TB_USERADMIN_POPEDOM` (`ROLE_CODE`, `RES_ID`, `CREATE_TIME`, `UPDATE_TIME`) VALUES ('USER_SYSTEM_ADMIN', '66', '2015-10-20 00:00:00', '2015-10-20 00:00:00');
INSERT INTO `TB_USERADMIN_POPEDOM` (`ROLE_CODE`, `RES_ID`, `CREATE_TIME`, `UPDATE_TIME`) VALUES ('USER_SYSTEM_ADMIN', '67', '2015-10-20 00:00:00', '2015-10-20 00:00:00');
INSERT INTO `TB_USERADMIN_POPEDOM` (`ROLE_CODE`, `RES_ID`, `CREATE_TIME`, `UPDATE_TIME`) VALUES ('USER_SYSTEM_ADMIN', '68', '2015-10-20 00:00:00', '2015-10-20 00:00:00');
INSERT INTO `TB_USERADMIN_POPEDOM` (`ROLE_CODE`, `RES_ID`, `CREATE_TIME`, `UPDATE_TIME`) VALUES ('USER_SYSTEM_ADMIN', '69', '2015-10-20 00:00:00', '2015-10-20 00:00:00');
INSERT INTO `TB_USERADMIN_POPEDOM` (`ROLE_CODE`, `RES_ID`, `CREATE_TIME`, `UPDATE_TIME`) VALUES ('USER_SYSTEM_ADMIN', '70', '2015-10-20 00:00:00', '2015-10-20 00:00:00');
INSERT INTO `TB_USERADMIN_POPEDOM` (`ROLE_CODE`, `RES_ID`, `CREATE_TIME`, `UPDATE_TIME`) VALUES ('USER_SYSTEM_ADMIN', '71', '2015-10-20 00:00:00', '2015-10-20 00:00:00');
INSERT INTO `TB_USERADMIN_POPEDOM` (`ROLE_CODE`, `RES_ID`, `CREATE_TIME`, `UPDATE_TIME`) VALUES ('USER_SYSTEM_ADMIN', '72', '2015-10-20 00:00:00', '2015-10-20 00:00:00');





--11,用户组与用户关系
INSERT INTO `TB_USERADMIN_USERGROUPREL` (`LOGIN_ID`, `USERGROUP_ID`, `CREATE_TIME`, `UPDATE_TIME`) VALUES ('18665867002', '1', '2015-10-20', '2015-10-20');


--12,用户组织机构关系
INSERT INTO `TB_USERADMIN_USERORGANREL` (`LOGIN_ID`, `ORGAN_CODE`, `CREATE_TIME`, `UPDATE_TIME`) VALUES ('18665867002', '001003', '2015-10-20', '2015-10-20');


--13,用户与角色关系
INSERT INTO `TB_USERADMIN_USERROLEREL` (`LOGIN_ID`, `ROLE_CODE`, `CREATE_TIME`, `UPDATE_TIME`) VALUES ('18665867002', 'GOODS_CENTER_CONFIG', '2015-10-20', '2015-10-20');


